id;product_name;product_description;price;quantity;product_image_full;product_image_full_content_type;product_image_full_url;product_image_thumb;product_image_thumb_content_type;product_image_thumb_url;date_created;barcode;serial_code;priority_position;active;is_variant_product
1;Director;channels Buckinghamshire Open-source;11483;70723;536175736167657320486176656e;image/png;Checking Account frictionless;5472696e6964616420616e6420546f6261676f20446f6c6c6172;image/png;Customer-focused;2019-05-09T23:25:04;hack;Mall Investment Account;79428;false;false
2;transmitting parse infrastruct;matrix Implementation Shirt;6649;92644;696e6469676f204261636f6e204d6f757365;image/png;Programmable payment National;54616e7a616e69616e205368696c6c696e67204c6967687473;image/png;e-enable Plaza intranet;2019-05-09T21:49:52;Borders Grass-roots;disintermediate Mali Unbranded Concrete Soap;54284;false;false
3;migration array Belize Dollar;optical;62007;49542;436865657365206f726368657374726174696f6e20526f62757374;image/png;Steel salmon application;426f736e696120616e64204865727a65676f76696e612067656e657261746520437265656b;image/png;syndicate haptic;2019-05-10T12:10:32;Intuitive application;Baby Credit Card Account Nevada;71617;false;true
4;hacking Interactions;Idaho strategize;46200;28792;4d6f6e6579204d61726b6574204163636f756e74;image/png;bus;736f6c696420737461746520436c6f7468696e67206465706f736974;image/png;Maine Checking Account markets;2019-05-09T22:05:57;Configuration;District Wooden Visionary;16552;true;false
5;programming;FTP;51883;22739;737469636b79206e657572616c204b696473;image/png;Cotton relationships;446973747269637420496461686f2047726f63657279;image/png;Concrete Towels Avon;2019-05-10T05:43:10;Product;multi-byte modular;22009;false;false
6;Bedfordshire Strategist;Towels applications;8534;53506;696e64657820696e6469676f;image/png;sticky Expressway Checking Account;7265636970726f63616c;image/png;Mountain Malaysia supply-chains;2019-05-10T06:09:19;Rhode Island Computer;user-centric;7550;true;true
7;didactic Dynamic;schemas Industrial;15615;83978;4469737472696275746564;image/png;Avon Checking Account impactful;62616e647769647468;image/png;Visionary pixel SAS;2019-05-09T19:50:55;matrix Belize Dollar maroon;superstructure;8692;false;true
8;microchip;Music Salad North Carolina;42142;70394;666163696c697461746520416c61736b6120736f6c7574696f6e2d6f7269656e746564;image/png;best-of-breed generate;436f6e73756c74616e74206261636b2d656e64204672657368;image/png;Cambridgeshire Central;2019-05-09T20:34:38;supply-chains;Bedfordshire;74168;true;true
9;incentivize purple;navigating Liaison;52569;90057;53706f72747320476c6f62616c20536f6674;image/png;Bedfordshire Awesome Cotton Tuna;576f6f64656e;image/png;Future;2019-05-09T18:48:02;Money Market Account Credit Card Account withdrawal;Virginia;83810;false;false
10;generate paradigms;Chips microchip;8279;9033;756269717569746f7573206d6f6e69746f72;image/png;Home Loan Account;426564666f72647368697265203474682067656e65726174696f6e2045717561746f7269616c204775696e6561;image/png;Auto Loan Account;2019-05-10T14:32:22;Cambridgeshire Savings Account extensible;Course robust bricks-and-clicks;41279;false;true
